,class,imageID,filename,width,height,HOG1,HOG2,HOG3,HOG4,HOG5,HOG6,HOG7,HOG8,HOG9
0,roof,1,1.png,46,42,0.12703081959672427,0.0700758050835403,0.18477189928575805,0.09992210134174025,0.14312466577024788,0.06182669735600809,0.152530981876116,0.10008571340669861,0.06063131628316654
1,roof,3,3.png,49,79,0.1986595429044625,0.05892060247198221,0.07441202828476796,0.062091395292729876,0.1038844468607883,0.048546504878289425,0.110964235641524,0.168415687212234,0.17410555645322173
2,roof,2,2.png,80,90,0.17416037213561297,0.13075413464650315,0.16218537812165185,0.05151695960011984,0.12595833206091822,0.06430106545002828,0.15095133304637143,0.08478350717932305,0.05538891775947122
3,roof,5,5.png,84,90,0.12030346223650862,0.04260788715060352,0.07808478293880401,0.04677337055603714,0.08915532463382045,0.049646987340808954,0.18007003773991473,0.30842315894100364,0.08493498846249893
4,roof,4,4.png,71,72,0.15078631571860965,0.09047077135994812,0.10981943347646583,0.10137566858763952,0.12460952920700678,0.10052798388865265,0.12200042811595477,0.12378134769218717,0.07662852195353549
5,roof,6,6.png,63,57,0.15139286717827902,0.1307548981990926,0.11428404311256633,0.0406032866960737,0.09752417028912513,0.11573948268129045,0.23334673566659855,0.06863877059455958,0.04771574558241464
6,roof,7,7.png,31,33,0.2571389298788614,0.06773922411739962,0.06211052107444634,0.014672014290850086,0.17360716567804763,0.11029931989753189,0.14003583061089198,0.12269459219372986,0.051702402258241256
7,roof,8,8.png,42,41,0.2382790658719887,0.11901104378732172,0.08939098246477638,0.03070687100053218,0.12500193324888628,0.16814554488161437,0.14641973151581178,0.0427646682008485,0.040280159028220096
8,roof,9,9.png,52,55,0.16295338673628187,0.07514318646713206,0.10960864928106653,0.027177906760405903,0.1413306088499031,0.12284849712544887,0.2061287922657092,0.10136833341190153,0.05344063910215093
9,roof,10,10.png,56,50,0.1356134001425315,0.11461379962055694,0.1408922076369687,0.0471430446017953,0.09101754733627913,0.07720536783749526,0.2405318683425749,0.11328607749266531,0.039696686989132944
10,roof,14,14.png,58,63,0.2682560714959559,0.15330081620442135,0.06190441500570698,0.038033799985914093,0.12314968041981872,0.1335523183092878,0.10219219206076656,0.06934451580042138,0.050266190717707236
11,roof,12,12.png,78,83,0.13454932079910925,0.13572223536762976,0.12385206591759979,0.05726763281239312,0.10538315554575194,0.10895799805599089,0.19821971321987725,0.0866422050198523,0.04940567326179571
12,roof,11,11.png,46,45,0.16296785329525318,0.05751930691665531,0.12797576993204135,0.039559126882930916,0.10011861121201161,0.05764167907176962,0.31489365109076506,0.11022625571076348,0.029097745887809494
13,roof,13,13.png,81,91,0.17744840103727394,0.14584197944137386,0.10496337483595364,0.05664915246298566,0.11831109158306266,0.1385083283418513,0.13970424225714467,0.06524334948636294,0.05333008055399132
14,roof,15,15.png,56,58,0.29535763377262103,0.17508366168047734,0.10137989827642074,0.01852923840801925,0.14298274585574816,0.0872101974647821,0.11795429341538584,0.032930648299965254,0.0285716828265803
15,roof,16,16.png,34,36,0.17485017422470125,0.09635595585126477,0.1254094342337044,0.03783102053959445,0.11713962619960303,0.12345303228235795,0.201702090536126,0.09937304696368517,0.023885619168962955
16,roof,17,17.png,33,29,0.2555835430437419,0.019079416150350036,0.18667742952629024,0.034635338417715336,0.286690860263664,0.04405814918596205,0.07328470716733729,0.041905801889268526,0.058084754355670586
17,roof,18,18.png,36,30,0.11987804272628248,0.057216524879084595,0.1083296168848461,0.05080964606748672,0.13905484431986334,0.13736346519509035,0.26607625108134647,0.08799148411207039,0.03328012473392958
18,roof,19,19.png,41,41,0.2629430171287496,0.09762162714229074,0.08946347958275438,0.041788075334996705,0.18978626824368994,0.12051656109075684,0.12080646904032492,0.04704256409552699,0.0300319383409099
19,roof,20,20.png,33,29,0.2113697539271474,0.08059678766739561,0.14246600092579764,0.06035245056040861,0.18388710245820297,0.05005987744658296,0.16484123977240087,0.06795623443315586,0.038470552808908064
20,roof,21,21.png,27,26,0.2808283550762015,0.10023037089334479,0.09131890605397974,0.04522749016828014,0.17014361468077963,0.09593158840511493,0.12389324720320279,0.05156671367569728,0.04085971384339916
21,roof,22,22.png,59,61,0.20785453553020303,0.060860318271923106,0.11968397572451087,0.06867378269463387,0.3030952300383547,0.0708788603353261,0.09578673046890383,0.0360082287158542,0.03715833822029029
22,roof,23,23.png,33,29,0.15311317485233525,0.04783957740313428,0.13957465052798335,0.1351621807613148,0.295406502220165,0.05646675223265645,0.07129172724694083,0.05242116695082968,0.04872426780464036
23,roof,24,24.png,32,32,0.2317670553457614,0.09149826922065678,0.15178803040183173,0.11560636008021534,0.21730082441768453,0.02990755732158443,0.05960210507065618,0.05129371234765026,0.0512360857939594
24,roof,25,25.png,30,50,0.18980858757800073,0.08389671494819291,0.16718166007261706,0.1256978034123962,0.18064557577573365,0.047603647351519285,0.10131233470271304,0.05898856559347241,0.044865110565354735
25,roof,26,26.png,41,41,0.14901156379133032,0.07094021800759365,0.27366213573253434,0.08581847841594872,0.1333125677002272,0.044114252061201044,0.15710998504825166,0.058355511330026213,0.027675287912886832
26,roof,27,27.png,32,34,0.14408073694327175,0.0901930929503292,0.16557841665738113,0.08894186201330785,0.10900821059709619,0.059332575367159114,0.17438349610923312,0.1244250912157347,0.04405651814648698
27,roof,28,28.png,36,37,0.23125882084877816,0.1409592428476753,0.09352571505673585,0.03680493127918985,0.10379100192930633,0.11578706698199609,0.18818698368101142,0.05717807158166007,0.03250816579364691
28,roof,29,29.png,26,33,0.18663638581372213,0.10429271867507375,0.172205494669423,0.06351742927273168,0.2664952592287,0.056112724474792784,0.07429004790000805,0.034366457571469146,0.04208348239407943
29,roof,30,30.png,31,36,0.2879291036136923,0.11765855347846302,0.0981719871339583,0.02996756240592766,0.1766420482486209,0.07401851948348488,0.11413052418396057,0.047641090861138886,0.05384061059075351
30,roof,31,31.png,37,34,0.2207121462223821,0.07836713174026654,0.11272699351987144,0.1172537856336735,0.2891412725754136,0.03229116601488032,0.08315129963012248,0.042378572751858856,0.023977631911531197
31,roof,32,32.png,41,38,0.17583034470294015,0.070266943910165,0.12100916267876202,0.07979231085492342,0.1815841827119575,0.16140407312609695,0.13251149506950965,0.03335496345769597,0.044246523487949344
32,roof,33,33.png,33,37,0.270891484443878,0.05859010839416586,0.07806228365720579,0.0653792891852468,0.2386196735813541,0.07010030623872042,0.09232363819355055,0.08489980326326896,0.04113341304260951
33,roof,34,34.png,38,34,0.1538899265028359,0.07047628452611668,0.12861208587082723,0.0577022599413061,0.32643236255390273,0.11949768258921376,0.08230923700237923,0.03421891923929725,0.026861241774121133
34,roof,35,35.png,35,29,0.1483847870540868,0.06538266437325395,0.09646151750172406,0.10837168541859181,0.38200819769918115,0.09035703212199084,0.04118043739611252,0.027362107900634477,0.040491570534424384
35,roof,36,36.png,30,34,0.16621557066636886,0.1070994286388903,0.10473016402920507,0.07688042228843014,0.2684495117668371,0.1525026685287732,0.04895821670843567,0.034000147777558665,0.04116386959550096
36,roof,37,37.png,25,27,0.1951827398809435,0.1036356610979444,0.10647429536076757,0.10924714695109519,0.1873133737916476,0.09970434776392843,0.08944096711665797,0.05155039174161916,0.057451076295396156
37,roof,38,38.png,28,28,0.17013989072504965,0.08025316469217755,0.1312264349378117,0.12750000891500207,0.24977369997523638,0.07732176799659794,0.06397363297504761,0.04308158537539992,0.056729814407677166
38,roof,39,39.png,31,28,0.13073359911640334,0.08557425818556803,0.16470956901267797,0.14216881569794648,0.2364777700960871,0.04762087664135896,0.06200361340787033,0.06442478259732856,0.06628671524475924
39,roof,40,40.png,24,28,0.24594245694659939,0.0911550427812493,0.1002392819253983,0.12839347232277937,0.14561006902800885,0.08502168644134339,0.07016299362324936,0.04337845110555517,0.09009654582581686
40,roof,41,41.png,50,48,0.3864968215246344,0.05771303582734755,0.11251180309164692,0.016025788224303224,0.19637766016987185,0.02509183106204478,0.1366850334193769,0.03398693100500662,0.03511109567576779
41,roof,42,42.png,35,34,0.18112681945243952,0.04939349801508589,0.08987984258138193,0.10998953914560869,0.12058072404769236,0.05199779359765614,0.10930639923468222,0.16198908764765715,0.1257362962777961
42,roof,43,43.png,38,37,0.27787909881025363,0.04785404219043881,0.0895730279849522,0.0497525588410288,0.17183846578498196,0.03393883352946742,0.09113023239979966,0.07533248120429034,0.16270125925478718
43,roof,44,44.png,61,104,0.5114501805842666,0.10426463012804033,0.04111596542058205,0.05765719412455195,0.09174965271856701,0.049367296598443786,0.03283842599915559,0.03406236373539674,0.07749429069099599
44,roof,45,45.png,119,104,0.07648861552308803,0.05834453484725365,0.1384745062290854,0.31831541018555004,0.19112807632071277,0.03679551432445622,0.030619302639169534,0.05353343488031366,0.0963006050503707
45,roof,46,46.png,65,70,0.2852909961183719,0.08908426621447856,0.048079788795783576,0.045895066846380894,0.22592271584714405,0.1608817725602451,0.04628630953927421,0.037924225765796606,0.06063485831252512
46,roof,47,47.png,71,57,0.11159699067603304,0.06467628641871628,0.048995013286029364,0.10636363016996243,0.42497253924163564,0.07770655699625352,0.04332696090825226,0.048594380349927,0.07376764195319041
47,roof,48,48.png,118,61,0.13558362757781525,0.07589710346344167,0.07210544107152415,0.09963952445055702,0.29241227523449165,0.11903937128834707,0.060972041925320734,0.06348783014763099,0.08086278484087142
48,roof,49,49.png,77,64,0.267412349211174,0.039959694434557255,0.0461903253888097,0.07838045697440385,0.38364638051785316,0.03254618434687934,0.024575919448336887,0.026208603763804527,0.10108008591418124
49,roof,50,50.png,108,56,0.17694332301410293,0.06917515353668698,0.053854980601681805,0.08602423835202173,0.2717009120903322,0.12323978125379055,0.06671687838200897,0.06634417868933934,0.08600055408003549
50,roof,51,51.png,66,51,0.18348920715328124,0.050995060849447896,0.055937180905442474,0.07953789990071437,0.40573295213562144,0.06586441171236994,0.03473244406322121,0.03969662995914806,0.0840142133207534
51,roof,52,52.png,293,217,0.10479846961048145,0.07448937667651857,0.12348854327474654,0.1990575247700133,0.10454225605760521,0.0701774671643596,0.07831844697047498,0.12083772233533144,0.12429019314046891
52,roof,53,53.png,169,135,0.11234746091444196,0.10141447334000799,0.07222162786622352,0.06901227667506689,0.10782151024378789,0.22088729812430782,0.16209278288074688,0.07911605286931077,0.0750865170861063
53,roof,54,54.png,140,172,0.1856205529124753,0.2877874349702578,0.11108008013751483,0.06640754105855143,0.071488043305873,0.07656626716185079,0.07141646040327887,0.05393915677653255,0.07569446327366539
54,roof,55,55.png,326,225,0.12186158518335051,0.11113831499111422,0.08026849582213058,0.06534712180588692,0.10975308948094042,0.21447865437351726,0.14635940227748465,0.0775735264339049,0.07321980963167055
55,roof,56,56.png,221,123,0.14444177425987348,0.10004064757299916,0.08113643744612549,0.09152807660582324,0.18601330780444275,0.1645819160385273,0.08517331648781094,0.06945400176868594,0.0776305220157117
56,roof,57,57.png,227,132,0.14432731477182068,0.0811937279248375,0.04171865489548052,0.046966846408568644,0.21718916758135548,0.26537921998038805,0.09109310042989378,0.05464332062695273,0.05748864738070262
57,roof,58,58.png,62,62,0.07202660747244813,0.22035994025753042,0.26145117756173913,0.05211832514397165,0.057628378657757585,0.096117796691364,0.1087196923384348,0.0812700421955744,0.05030803968117991
58,roof,59,59.png,123,148,0.20776602157122295,0.21135182328662322,0.08051583587942306,0.06785334728222032,0.12003248286672681,0.10467286000152909,0.0745685044668944,0.05353415573025687,0.07970496891510326
59,roof,60,60.png,88,101,0.19663076734851048,0.17196418922834822,0.0795879501005508,0.05659445499841289,0.13384606125279697,0.15599909619016641,0.0913391321996803,0.053281840131727966,0.06075650854980595
60,roof,61,61.png,70,72,0.14496176557185889,0.2424445191391352,0.15552548521902124,0.07650849891950168,0.08960265486756394,0.09620296047262679,0.08994757189774459,0.05448630254930248,0.05032024136324519
61,roof,62,62.png,115,121,0.0778160643923805,0.23639179116163817,0.27293670103231094,0.06524543906211146,0.060311608459339736,0.05501315222996696,0.10669146779430813,0.08080062346935105,0.044793152398593064
62,roof,63,63.png,85,106,0.09576624276285961,0.033377362015669466,0.046463139640323094,0.07703371624906594,0.07864326124205549,0.03257853146766194,0.05175686375447674,0.1038587308268182,0.4805221520410695
63,roof,64,64.png,80,70,0.3961291493232533,0.0695982376489788,0.04255837187096238,0.04513201960061433,0.14316600060682225,0.15921280697324622,0.07026802989801129,0.03687276022097119,0.037062623857140244
64,roof,65,65.png,82,86,0.16917124139651896,0.030101821638244694,0.031259809628295915,0.06801552225561858,0.07291893521521099,0.038502359267370875,0.04521262459513023,0.0893005205195008,0.455517165484109
65,roof,66,66.png,92,88,0.20329224784899663,0.22872253690230213,0.045787556809482995,0.03655237622801691,0.08341470393359364,0.18938666684783717,0.11640903702749152,0.0478594250576481,0.04857544934463091
66,roof,67,67.png,81,125,0.3285770210389672,0.0983857666900512,0.0664600984568536,0.05464136900918335,0.11454801482081009,0.09557361272712052,0.05719475674395301,0.06075961638559493,0.12385974412746607
67,roof,68,68.png,102,115,0.1851067611073026,0.07493456191887289,0.06553849140744371,0.089972060945556,0.13719901392954295,0.06917048028189637,0.059126397114278376,0.08083786895233375,0.2381143643427734
68,roof,69,69.png,93,98,0.2707081619655412,0.15434635833972352,0.06283562854134138,0.04372736947646199,0.11038441892067195,0.13388737241820864,0.09145979506192543,0.062027902448478896,0.07062299282764699
69,roof,70,70.png,121,163,0.14272819881701235,0.0460582039980272,0.04751927354610759,0.09767903975308105,0.17065116442960754,0.05169890911045248,0.05051043734318701,0.08732764860239409,0.30582712440013066
70,water,1,1.png,57,55,0.10612223214903505,0.11041424577418713,0.17141365842319548,0.1949609168299667,0.14485714656416981,0.0896317860448236,0.07370041412227278,0.06296288012276038,0.04593671996958906
71,water,2,2.png,60,61,0.1041455562153203,0.0958185030638796,0.12350123927384327,0.18142254552595755,0.18017564600692693,0.11854222168930985,0.08460466318337229,0.06378254117319468,0.04800708386819557
72,water,3,3.png,58,57,0.27144521920280684,0.052469872503418044,0.13537579254901572,0.052306013071965,0.2171461407904126,0.044581814105489705,0.13590878911090443,0.05836713010069202,0.03239922856529566
73,water,4,4.png,64,62,0.24389888429551898,0.03992908888750793,0.18264177802442563,0.031951402971457404,0.23232015576417142,0.03759805889299439,0.18504174381659677,0.03775970180745266,0.008859185539874822
74,water,5,5.png,77,73,0.2106996303341935,0.07383224459098937,0.14068563914435678,0.06327690011619877,0.19081627476404453,0.07238512571190775,0.14226341455621666,0.0780600966387198,0.02798067414337282
75,water,6,6.png,58,58,0.2494463145386184,0.07096525691648056,0.1613159736562146,0.05533840333046113,0.17707249729710772,0.04727291850091132,0.16052753511395332,0.05821753364388981,0.019843567002363133
76,water,7,7.png,62,65,0.25143119279549525,0.05861383667312728,0.13827989630210064,0.029642213779978062,0.21044915037178213,0.04653501216754637,0.1732038752302076,0.06121024029909771,0.030634582380664972
77,water,8,8.png,46,78,0.22697136911540328,0.06667567788605128,0.14897231437929734,0.04171992048880243,0.20851879103099766,0.05373704436515696,0.15045838255462882,0.08437505581046911,0.018571444369193155
78,water,9,9.png,72,79,0.2261594444575435,0.061133909627638094,0.161934904527166,0.0596502431248558,0.20582403101505214,0.047409961091395475,0.1589603389369238,0.06401671125757491,0.014910455961850306
79,water,10,10.png,106,106,0.21985458425503226,0.06183918814148064,0.14820747466793213,0.04929099487544175,0.19215336670680563,0.05618037588194743,0.15841000847628375,0.06993726692227578,0.04412674007280062
80,water,11,11.png,108,104,0.2270201376764705,0.08171255310553996,0.12000212635852014,0.06781374507221076,0.14946774185884132,0.08010038080469399,0.12949704037113324,0.08704768815306974,0.057338586599520326
81,water,12,12.png,113,123,0.18658908137025812,0.0905481325286896,0.11542245974536214,0.0999355332255101,0.12683428422475376,0.09984447444542434,0.11639980226746871,0.10287726771711843,0.061548964475414775
82,water,13,13.png,266,266,0.18488566558029568,0.094357885544756,0.10989499822624663,0.0958233847479283,0.12326056004354362,0.10176224447824517,0.11962062611790507,0.10191318616388276,0.0684814490971968
83,water,14,14.png,92,92,0.22871664947408601,0.07536981585142373,0.12959088599705937,0.046716697724110086,0.19097109574607166,0.06413146198260375,0.14861584609022566,0.07563303086256981,0.04025451627184997
84,water,15,15.png,72,62,0.267329035639769,0.0944557464440882,0.151271827356274,0.0502634323707502,0.16636783364295507,0.045077165679754526,0.11716503257124929,0.0751300379295123,0.032939888365647395
85,water,16,16.png,70,60,0.19919834567781394,0.06955252221262848,0.12246163897080592,0.0711652393428728,0.20818801281894414,0.06928208484936299,0.1706984626182085,0.06363979095498572,0.025813902554377502
86,water,17,17.png,105,85,0.07734714553128304,0.1020778476812081,0.12201195773642849,0.1999425856395646,0.21902408907823723,0.10518012533197442,0.06228222319156806,0.05457434977884669,0.05755967603088938
87,water,18,18.png,103,100,0.09589391958844679,0.09494215299254627,0.1089371097309847,0.14028707859573847,0.20421147318442248,0.13143098214144366,0.0882490122138125,0.0680158585289972,0.06803241302360793
88,water,19,19.png,105,109,0.09130104846250348,0.10834128878002816,0.14662367031119172,0.2147573013058838,0.20019426094494064,0.09036819112300723,0.04900452936603522,0.04606687655743935,0.05334283314897039
89,water,20,20.png,111,89,0.0905889265173023,0.08981540242848772,0.12465627950977654,0.18455521079043502,0.1890873922684544,0.12136896570438332,0.06879377889549934,0.059623131293732666,0.0715109125919287
90,water,21,21.png,108,96,0.1408757796609655,0.09540931983069384,0.08795521596625834,0.11024757204945579,0.16010847521901297,0.11380629832785305,0.09056394245025574,0.09521726483603575,0.10581613165946901
91,water,22,22.png,105,91,0.13305689962053682,0.08461059309857843,0.0758820594907209,0.09788551131157214,0.1707098284232308,0.12203489736556924,0.09823189846652394,0.10161390979005432,0.1159744024332134
92,water,23,23.png,122,97,0.14672810787592516,0.0811257753241316,0.08492332661916559,0.10410327212578036,0.1575562907993247,0.11492541248110413,0.10160991471962637,0.09839003439656213,0.11063786565837998
93,water,24,24.png,118,96,0.13638675336509004,0.08569962894221515,0.07985412751292151,0.10497895822903139,0.1638761864140823,0.11600683109123985,0.0990059723395971,0.09643623038730681,0.11775531171851585
94,water,25,25.png,109,92,0.13074693561993916,0.09270661169473797,0.08491724764592039,0.11584189667052118,0.15241703990787264,0.12021716507255864,0.10037245938454878,0.09029474373710021,0.11248590026680101
95,water,26,26.png,115,99,0.13398167928152582,0.09438866044254952,0.08952176436384778,0.09901292435119494,0.14896126420698955,0.11701129703383778,0.10670907029257003,0.10083328783848577,0.10958005218899881
96,water,27,27.png,106,92,0.14025796119495487,0.0921864073148014,0.08562896950261087,0.10242673702103036,0.14086595231008067,0.11476821361608897,0.10709791889911183,0.10729620222240005,0.10947163791892099
97,water,28,28.png,93,80,0.1342896635494209,0.08796094724235634,0.0817818462048297,0.09724990938741178,0.13981356044259174,0.1349980449491756,0.11375880528019018,0.09839542335584968,0.11175179958817408
98,water,29,29.png,96,75,0.1340768781492728,0.08736694168563412,0.09113620923561051,0.1076132314569715,0.14610529569777062,0.11117927284857242,0.1075866477823111,0.10590056147578641,0.10903496166807054
99,water,30,30.png,110,91,0.12972504420585584,0.0980904556242676,0.09221158061726058,0.12220290886052124,0.1536678068183789,0.11827067500172372,0.0966107628136287,0.09670084785146715,0.09251991820689626
100,water,31,31.png,92,77,0.27122181366123105,0.06757106436990418,0.07815922093094348,0.055627843224078016,0.24322711004999692,0.07010831073110493,0.08536753656014265,0.06875137115463158,0.059965729317967176
101,water,32,32.png,109,71,0.3459587692395995,0.08936983026018297,0.10681945717624736,0.060915227842789375,0.17297823746141552,0.04720154560209803,0.07218461923151215,0.061265463385419806,0.04330684980073528
102,water,33,33.png,101,82,0.24962544941493883,0.08561122212815235,0.10543769309697068,0.06536616740907773,0.24407231124046525,0.05706069410268588,0.07937974028658783,0.062294924701251385,0.051151797619870064
103,water,34,34.png,103,80,0.2551464499875784,0.05457371394555825,0.06681589356132489,0.05740492125773722,0.23340152942605324,0.07407256743105471,0.11044640122980869,0.08561383884050318,0.06252468432038141
104,water,35,35.png,108,73,0.25914584363995474,0.06428420113115668,0.07819652211092154,0.05444141966777465,0.24543120640760507,0.06769426486369907,0.08871576322283221,0.07590460294589571,0.0661861760101603
105,water,36,36.png,100,76,0.29460873263410675,0.06453594362098733,0.0751824402779207,0.048970190020035824,0.2165559949423887,0.06622321783332724,0.08993491717968792,0.08507507180294771,0.0589134916885978
106,water,37,37.png,133,106,0.2610556238704893,0.06441779386441483,0.0740095357545458,0.06053107271603038,0.2500864760620329,0.06933188755406665,0.08619703444787209,0.0784074349311304,0.055963140799417645
107,water,38,38.png,154,104,0.25674763863366795,0.07293481268401548,0.08087742900771779,0.064113342828649,0.23301881298246452,0.066750052138857,0.091909563838096,0.07782358110686552,0.055824766779666746
108,water,39,39.png,145,103,0.2579149947529666,0.07266918429831426,0.09007488440027836,0.060430463349699336,0.22579143806406515,0.06082329414129431,0.09719457923243517,0.0741035124947021,0.06099764926624472
109,water,40,40.png,141,106,0.3013076293017475,0.0630871449429851,0.08206187183926839,0.05584944873833745,0.23293941537628063,0.060172039208608634,0.07879876435799718,0.06515818560322416,0.060625500631550984
110,water,41,41.png,148,112,0.24879685148532887,0.06608870707581763,0.06899261826331403,0.059264792017677766,0.25046170044564,0.06644489268511261,0.09415599475193974,0.08051647025191173,0.06527797302325766
111,water,42,42.png,147,115,0.20323177418837932,0.07987602947180722,0.08591778583807613,0.06584391993610222,0.2986513834120221,0.0656023414941785,0.08422878283885615,0.06827141373890971,0.04837656908166866
112,water,43,43.png,121,106,0.26348317457220294,0.059816627103095925,0.08113104309108728,0.06349602758698301,0.24474305787877956,0.06951965756365097,0.08326848884795904,0.069881403344448,0.06466052001179329
113,water,44,44.png,139,113,0.24258853061908597,0.07385583246062019,0.08626222765650748,0.061689840663722066,0.2314867763005183,0.06408884324930342,0.09398808298075624,0.08309383128752407,0.06294603478196224
114,water,45,45.png,149,114,0.24596361116291762,0.06561625866233045,0.07531278842418768,0.06595025839314149,0.226148328201856,0.07324493982773243,0.0958128872498272,0.08458592307462744,0.06736500500337968
115,water,46,46.png,159,109,0.26927072227577437,0.0719487896604292,0.08539157936948694,0.06387915886993648,0.20807106358573543,0.07279070292144059,0.08882561722483885,0.07682161034031385,0.06300075575204431
116,water,47,47.png,152,127,0.26467311974862817,0.07665826431908392,0.09325387131837737,0.062446131644281026,0.21388306898258358,0.06392833847263606,0.08720569346651003,0.07952723327056574,0.05842427877733411
117,water,48,48.png,160,131,0.26534670771417634,0.0672836768698426,0.07820466223583261,0.06718405403430663,0.2162995038196032,0.07601322906705177,0.08698529564067012,0.08117597727602066,0.06150689334249605
118,water,49,49.png,169,120,0.27198112491081206,0.06851405847933016,0.0806097873860425,0.06515726415484241,0.23151823394030568,0.06650426421272242,0.085557889075912,0.06769176202298875,0.062465615817044046
119,water,50,50.png,108,101,0.20418973505929178,0.07910790307313449,0.0838839469199661,0.06491284106086898,0.16410840199406,0.09621873333332828,0.11372267659962647,0.10013581424534357,0.09371994771438033
120,water,51,51.png,154,128,0.1919096553016395,0.07556499216952102,0.08486609542220491,0.07284686333675157,0.17545775292491197,0.09744972023184414,0.1122357640043472,0.10036517836829092,0.08930397824048876
121,water,52,52.png,165,139,0.14064376313116753,0.062397419913107884,0.06621010306545595,0.06670606099863405,0.14800994047223348,0.1380225966669477,0.14489080391793344,0.12831320158503032,0.10480611024948963
122,water,53,53.png,169,153,0.15989690866854786,0.10550309161120414,0.09335294765955965,0.07768004099316803,0.15512617766925366,0.10902551251992428,0.12012422099429998,0.09869368231638542,0.08059741756765698
123,water,54,54.png,148,118,0.21239036523176152,0.08411940495590241,0.10150212090379435,0.07252467094439768,0.18854264123740225,0.07740893361936795,0.10477250864656885,0.08800218733412607,0.07073716712667891
124,water,55,55.png,155,116,0.08683917163466613,0.049682590807507136,0.044764671033011405,0.06380158719701476,0.1594274775418471,0.16743072553208113,0.15704240295324218,0.14695562890966943,0.12405574439096072
125,water,56,56.png,176,118,0.07936243995357992,0.04844153191542425,0.047354693583967294,0.06812077097250169,0.14028850675927446,0.17402551802137786,0.18069467484141524,0.15505698277194682,0.10665488118051247
126,water,57,57.png,138,125,0.03879696268607355,0.02638485235034535,0.02618412681600023,0.04560746703424554,0.1696668607237058,0.31154962466840996,0.21857094906630395,0.11107258389155399,0.052166572763361646
127,water,58,58.png,138,85,0.09783112459279787,0.055997693553889734,0.05387242987197543,0.0792624365779987,0.18107915348540293,0.15764522923878962,0.12077712126758186,0.11621869973637465,0.1373161116751892
128,water,59,59.png,122,102,0.18529730514882412,0.06175094613475893,0.04150939533122255,0.04905171757597613,0.07081581924440984,0.07193891097572779,0.09444758481085437,0.14574066242289224,0.279447658355334
129,water,60,60.png,142,118,0.04123950247982664,0.03651428007257314,0.05396500225091014,0.10808540089891622,0.2897000845083502,0.23662864261991212,0.12372840673028605,0.06424029442139519,0.045898386017830244
130,water,61,61.png,157,142,0.048315670325322795,0.046951570258178955,0.06119061888542135,0.11509693897364623,0.3505270024300634,0.1822694191683331,0.09649289608268298,0.054555406187634145,0.04460047768871698
131,water,62,62.png,143,139,0.03879614908179767,0.03748595311518862,0.05397779823256009,0.10656765071072558,0.33434093844546997,0.2276625030512982,0.10552585590555279,0.055065551541014716,0.040577599916392385
132,water,63,63.png,146,128,0.18868945318754116,0.05700676435699641,0.04789270121203684,0.054297045609668526,0.07594936012341069,0.0752035977741199,0.09850624229178472,0.14013007140007877,0.262324764044363
133,water,64,64.png,104,100,0.036723759544446566,0.02332446792309389,0.030846516688199283,0.047321273345951105,0.23227861550061232,0.255112982456654,0.2081046260037479,0.10670539006567763,0.059582368471617325
134,water,65,65.png,90,76,0.03257900617602815,0.018455159447413712,0.021154392396245156,0.044687592021253705,0.22651706408027328,0.24535667784272985,0.22181869085884626,0.11368048065076275,0.07575093652644713
135,water,66,66.png,122,94,0.03449725081509659,0.03486891521125256,0.038330088624597844,0.06902029072541437,0.3583851755020518,0.28223116616786237,0.1088298467665483,0.040788546753506384,0.03304871943366978
136,water,67,67.png,102,96,0.23075976413234872,0.08206201851155967,0.09810439018604811,0.07547657804352444,0.1816353387472164,0.06874519796606937,0.09263823794701474,0.08507266426370556,0.085505810202513
137,water,68,68.png,109,86,0.2188653329326173,0.10546866445801809,0.11105588706188423,0.07675158038261354,0.16681373744081096,0.07160114904127733,0.09443477790365386,0.08650429805653381,0.06850457272259086
138,water,69,69.png,113,102,0.23058450966470356,0.09060111711200178,0.0994412217254956,0.0690966648946606,0.18291597005318735,0.07464081756283646,0.09062793390398537,0.0875810200305125,0.07451074505261675
139,water,70,70.png,126,103,0.22622330135855653,0.0874948467440719,0.09874357788569793,0.07791802257233461,0.18324039156658797,0.07668957969892,0.09753778900770625,0.08363194139029982,0.06852054977582496
140,vegetation,1,1.png,59,64,0.17079968173835577,0.08062733791852605,0.09610803462541945,0.0665845140614943,0.10595327624748307,0.0894608662803231,0.15932361187167693,0.14848662201323085,0.08265605524349048
141,vegetation,2,2.png,130,133,0.15848633979311424,0.08562591707060957,0.10344839600966665,0.0793897185354857,0.12669953010797844,0.10409063861672907,0.14613355407640857,0.12457112155126755,0.07155478423874023
142,vegetation,3,3.png,89,93,0.1396178548368785,0.06957364144805447,0.09344556735185913,0.07349379003349198,0.14732887740217696,0.13311020915062963,0.16738239945963454,0.11094974768605603,0.06509791263121875
143,vegetation,4,4.png,266,266,0.1358244808947963,0.08465599716897972,0.09420707160333756,0.09364536091023043,0.11641684931907105,0.12435413990497807,0.13935565298534763,0.1307604872624078,0.08077995995085145
144,vegetation,5,5.png,266,266,0.1414298513322439,0.08391998745448513,0.08581075800028114,0.09241955956142178,0.09369710780236162,0.12719337943474657,0.14163116943637263,0.14077435921070489,0.09312382776738233
145,vegetation,6,6.png,84,94,0.20086696191242717,0.07859964838675115,0.13538694202750878,0.0714340777929931,0.14905394748576756,0.08017766512553795,0.14553830739052756,0.08911833270134321,0.04982411717714351
146,vegetation,7,7.png,84,87,0.18411989986887506,0.07692824374780505,0.0915675957595125,0.06429959931935425,0.13582195577732556,0.08500386014930986,0.16119827920001875,0.1352331514641018,0.06582741471369717
147,vegetation,8,8.png,164,108,0.16375162319771494,0.0820659184122245,0.09542771357245533,0.07397982180949372,0.12748893216776636,0.100304197359637,0.1482352128633607,0.128324135900605,0.08042244471674243
148,vegetation,9,9.png,111,99,0.16972670959880376,0.07029212650018014,0.11056837301205798,0.049866605945861286,0.14737208685368866,0.08846002766696935,0.17146323949143383,0.12383202215499163,0.0684188087760134
149,vegetation,10,10.png,60,69,0.2530026182980904,0.053415748673664026,0.1623821467991904,0.023917201080340268,0.19516337104263978,0.0330948344038627,0.19336040438975893,0.059369932794927846,0.026293742517525656
150,vegetation,11,11.png,102,71,0.20499849177529192,0.0857366726479288,0.11915074093629725,0.058946804731140064,0.13341974741547152,0.0865890883547886,0.139071181977964,0.10495256135844193,0.06713471080267594
151,vegetation,12,12.png,147,110,0.15518441591489363,0.07880404433039734,0.09586521890769455,0.07371176885712022,0.11707177732642601,0.10918543114101027,0.15685134352659524,0.1326877224659249,0.08063827752993788
152,vegetation,13,13.png,106,73,0.18325475320377507,0.07214657246816755,0.12131070191436565,0.06768086570011479,0.13750462220481435,0.08148141916062072,0.16164285559793168,0.10715575115004754,0.0678224586001626
153,vegetation,14,14.png,73,76,0.2556442777978496,0.13095025728007045,0.11362352093686472,0.06678683264960568,0.09646248950093328,0.05598320629053138,0.09429619918423551,0.1009404341153776,0.08531278224453179
154,vegetation,15,15.png,71,88,0.20602856201660408,0.11444788227962331,0.11249664972649064,0.0788671242358944,0.09716997259702516,0.08394559414649228,0.11213793985638539,0.11293316489496034,0.08197311024652444
155,vegetation,16,16.png,70,158,0.22327584230398223,0.11706825916268988,0.11433174021529124,0.07664141766920639,0.08323336438595397,0.07207317961415655,0.10936552989654377,0.11402259296011595,0.08998807379206002
156,vegetation,17,17.png,43,76,0.17421623104681014,0.092426493094378,0.13998861778831267,0.06569565500743868,0.1424889065413164,0.067771938301208,0.16465637194175461,0.09636508000171119,0.056390706277070275
157,vegetation,18,18.png,84,59,0.16453300082064962,0.0702128115990185,0.11485257788727828,0.055603940397058904,0.139759999651711,0.0807400225881654,0.17540634626525495,0.13461929232433423,0.06427200846652913
158,vegetation,19,19.png,55,76,0.16654487250128913,0.06585993575464305,0.115075366606993,0.0624330472404183,0.17604458030029996,0.07872373528306649,0.19503772003039585,0.09782601686961659,0.04245472541327766
159,vegetation,20,20.png,109,106,0.2346515030838554,0.05473105490340569,0.16816462066315394,0.04132189948465555,0.18896375836477025,0.045909161686524154,0.18666374648763384,0.06174298444021485,0.017851270885786304
160,vegetation,21,21.png,83,86,0.24278307543487535,0.04710259535551382,0.19661467754316103,0.03877516742674784,0.19792705204505023,0.039344363806901234,0.18351432678756088,0.04436920448875728,0.00956953711143234
161,vegetation,22,22.png,165,144,0.11609185200643059,0.11063628939097998,0.09829057252661966,0.07946454325667202,0.07755814428424153,0.13733094294519568,0.1918210838521979,0.11595149487566798,0.07285507686199466
162,vegetation,23,23.png,80,55,0.11338069004195721,0.07908063177756425,0.07850817528593253,0.08533315329685602,0.09040061100777799,0.16697951960450705,0.1974250352752315,0.12693945486408306,0.061952728846090405
163,vegetation,24,24.png,73,89,0.14019287577816147,0.14561946629551575,0.12612654840323342,0.1048754415281098,0.07567991209513703,0.1108199869414238,0.13771025978435203,0.09294574728881765,0.06602976188524903
164,vegetation,25,25.png,68,76,0.1722759196297069,0.06735869713392104,0.11828786554607142,0.05887701268448541,0.14862745916156997,0.08856576326811073,0.1754548776977567,0.11445845277787307,0.05609395210050477
165,vegetation,26,26.png,70,67,0.22075904731580714,0.07869304241336779,0.10801946962112541,0.05557163029978198,0.14817607763490107,0.0801388119044047,0.1523106326377193,0.11203168763881623,0.044299600534076396
166,vegetation,27,27.png,63,59,0.23780682081500465,0.05087567809700743,0.10583107923007415,0.031639626171263514,0.14943634241621667,0.05875043365658137,0.19446147896484092,0.11590034513484038,0.05529819551417092
167,vegetation,28,28.png,38,99,0.2961427311746428,0.09794989955547706,0.13760332415191903,0.027353482170550635,0.11481023590484313,0.02376973499446041,0.12901582370431744,0.09611796257332735,0.07723680577046212
168,vegetation,29,29.png,90,71,0.1735562176267815,0.08144741257130263,0.12186407941781967,0.08621987361034934,0.18632916913158556,0.09832644484918726,0.1258786800760028,0.07971410668391579,0.04666401603305545
169,vegetation,30,30.png,76,74,0.16800061152388635,0.0834320051529271,0.1513078591813527,0.07589658744990971,0.17423113300829754,0.07165435447022155,0.1428251993075605,0.09305851854160616,0.03959373136423843
170,vegetation,31,31.png,80,80,0.1845155560965173,0.1090010894518861,0.16100815621239464,0.08182309484930292,0.15605614926278163,0.06574393891934528,0.11460626066042552,0.07785953182590184,0.04938622272144476
171,vegetation,32,32.png,81,75,0.22795619836219386,0.0606910281900233,0.19260187872072906,0.03756716428275426,0.21657259910151233,0.03550408149157499,0.16066651711155033,0.05350870874184259,0.014931823997819301
172,vegetation,34,34.png,67,71,0.2168452428536103,0.07931079130197355,0.13986360810652923,0.07502585197464276,0.15353969474042153,0.06892319236985718,0.1224225155878149,0.08913032589502691,0.054938777170123666
173,vegetation,35,35.png,70,74,0.15546116824981218,0.06388838506527443,0.06863119329227442,0.04985473995502632,0.10516493335653088,0.10455486303176459,0.17242530894536637,0.17550647253087626,0.10451293557307458
174,vegetation,33,33.png,73,65,0.17616869560961596,0.0753752217776811,0.09025619637112772,0.049060924319247703,0.12351122906811177,0.09697447101957958,0.17824210792804263,0.1332361325202331,0.07717502138636043
175,vegetation,36,36.png,75,73,0.21360236728951015,0.06485403746353063,0.15385488863459854,0.044076741032647554,0.17226043572151978,0.053651534849818876,0.18866309102076168,0.07187675103184077,0.037160152955772026
176,vegetation,37,37.png,70,70,0.16627206846618736,0.06502051301283608,0.1002076897995069,0.0673038189803726,0.14011850768913348,0.1062448991041633,0.1713410415796341,0.11197443601081418,0.07151702535735201
177,vegetation,38,38.png,69,62,0.23843235768894755,0.06636192170942873,0.11242387673386295,0.0376132000238386,0.12701218107552123,0.05609328807838794,0.15887542029363622,0.13397790571616475,0.06920984868021202
178,vegetation,39,39.png,60,79,0.1791454723278943,0.09980600909569244,0.10419917868337548,0.09003982086736072,0.10755234553750516,0.09018836630998373,0.13229233648466554,0.11983677968525681,0.07693969100826582
179,vegetation,40,40.png,66,70,0.17891502227787212,0.0786737467107433,0.10513811143043568,0.06601276468097363,0.13932177141137986,0.09379419947213165,0.1421302113892018,0.12402339888038175,0.07199077374688022
180,vegetation,41,41.png,71,72,0.12848653812694313,0.10065125012615694,0.1433553537225074,0.13248007965728645,0.21450438148639334,0.08569471848540135,0.10456106719052705,0.060133651152639064,0.030132960052145292
181,vegetation,42,42.png,68,70,0.1341844512514595,0.10808625451929885,0.13950797100430115,0.12240555573220772,0.16939378492706486,0.11364881301356497,0.10098782591523303,0.07093028858483577,0.04085505505203415
182,vegetation,43,43.png,72,76,0.15011366269587803,0.10318599491130717,0.16642078426209414,0.12083280540978653,0.15054421419799704,0.07809334957807229,0.10398010178572517,0.07756873887832287,0.04926034828081674
183,vegetation,44,44.png,74,75,0.13218501938382948,0.08811327793879474,0.17968128114909418,0.12719405989171256,0.2104229842084842,0.08291555864337809,0.10047792620171099,0.04792123892337435,0.031088653659621424
184,vegetation,45,45.png,70,73,0.16197425937817717,0.12582130008032508,0.178739558879696,0.11223645773268476,0.1535847676501083,0.0678153823685927,0.08539086166931213,0.07210989988263138,0.04232751235847246
185,vegetation,46,46.png,73,80,0.16441454816811024,0.08007107912568556,0.14731430664460216,0.1038441318442249,0.19962487204866372,0.08146588967962974,0.1263641736740332,0.06255445514566317,0.03434654366938731
186,vegetation,47,47.png,70,81,0.17845420218337177,0.0891655789854911,0.1390063733625103,0.08578689778506436,0.1537803093765089,0.07965087934730641,0.12672592986718909,0.0865658026310223,0.060864026461535714
187,vegetation,48,48.png,84,69,0.19468543929429497,0.09881382439292044,0.11678229839815954,0.06962633277799983,0.14092399487878038,0.06680581286651864,0.14391243320117494,0.09632103327165718,0.07212883091849409
188,vegetation,49,49.png,83,60,0.17993858373868046,0.1331964298444806,0.17119632256823286,0.08492115517718873,0.12825881461674873,0.06890169468501905,0.10588460091570538,0.08573044582258467,0.04197195263135949
189,vegetation,50,50.png,82,70,0.14606833131804642,0.12005952724729477,0.1727680872997627,0.13472532774787369,0.13540427451738313,0.0973718335618904,0.08973402753772229,0.06475919887916802,0.03910939189085858
190,vegetation,51,51.png,121,121,0.1392710622122155,0.15286023636098348,0.1440786991171998,0.14837809749290443,0.13143158496824925,0.07285939721888589,0.05830881088569988,0.06384354299102729,0.0889685687528345
191,vegetation,52,52.png,160,106,0.14992282417176042,0.14523302459481574,0.12917158012055904,0.13581574643237776,0.14145407387060166,0.0784594047052875,0.061307909655134045,0.06511263925178945,0.09352279719767438
192,vegetation,53,53.png,152,132,0.13179095294061363,0.11178405309554373,0.10865935462595284,0.12393369340682552,0.14759471133831653,0.10418252592851125,0.08731062932808673,0.08126670494206882,0.10347737439408093
193,vegetation,54,54.png,65,118,0.1647033038383666,0.11499915592249146,0.10535218095198805,0.12281982187454654,0.12956798152849056,0.09454690793705187,0.08676373444900333,0.08753492159149959,0.09371199190656203
194,vegetation,55,55.png,132,112,0.18383121979017286,0.14508617051647224,0.13393525039656307,0.13737416396992103,0.12611083128373693,0.0783778496460307,0.05864558905260255,0.056937667220859495,0.07970125812364115
195,vegetation,56,56.png,143,130,0.12353247495130372,0.1351911781240666,0.15102825981449633,0.1534676806160439,0.14708720159805372,0.08442610691957562,0.06107853043606785,0.06332201504694447,0.0808665524934478
196,vegetation,57,57.png,132,140,0.1276929135019451,0.10605864684539477,0.11631511904297369,0.15577970076065378,0.15385895280098974,0.10322955940027725,0.08633835000130169,0.07343840352554014,0.07728835412092389
197,vegetation,58,58.png,141,121,0.15582638902440404,0.14382687136464445,0.1419133945461704,0.1389378787381011,0.13804217707991953,0.07605450779964272,0.056109931377552005,0.061777372331128975,0.08751147773843675
198,vegetation,59,59.png,118,145,0.16885549266370334,0.12676568635040136,0.110662001272848,0.1071744128439541,0.127284560335897,0.09574921949319917,0.07726184827714662,0.0796739324535393,0.10657284630931112
199,vegetation,60,60.png,127,111,0.15490040302327227,0.13969115248538128,0.1349045013380896,0.1365065196070289,0.11748462711695797,0.08064955666875699,0.06402192560392803,0.07328482303458808,0.0985564911219969
200,vegetation,61,61.png,179,138,0.1262118896204634,0.12571621643568104,0.1362829645257875,0.14981375758102924,0.1487141489985916,0.09590087328050356,0.06639210182741277,0.06872729974979402,0.08224074798073687
201,vegetation,62,62.png,185,93,0.14535123124296107,0.13518211319280252,0.12727701925175627,0.14439760413344377,0.12470245807135354,0.07871706527409605,0.07008776508330919,0.0801005433792463,0.09418420037103131
202,vegetation,63,63.png,165,138,0.1457539378393948,0.12118947269379979,0.1180387475094146,0.12105535274103137,0.13665136174086684,0.10834799798476769,0.07893327301301793,0.08088654089160684,0.08914331558610013
203,vegetation,64,64.png,129,107,0.183041295155843,0.10004587151740015,0.0985883837049492,0.07570718072646111,0.12701165198291753,0.07443411601006167,0.10156686445443902,0.11201561463460492,0.1275890218133234
204,vegetation,65,65.png,155,94,0.17441937925951886,0.09515910371272154,0.08993248796398848,0.07876047792592666,0.0930623345874111,0.0971223245148177,0.09617988267089465,0.11885347082309822,0.15651053854162278
205,vegetation,66,66.png,143,111,0.18823169179455917,0.10595740680190908,0.07134659735261759,0.06468702171351626,0.07767283092043581,0.08635170414387283,0.10858702328769122,0.14319635532673128,0.15396936865866673
206,vegetation,67,67.png,140,121,0.16371189821464927,0.09126502423369473,0.08545926342852704,0.07202177275373392,0.10502071792722976,0.10311722882256597,0.12283345821274204,0.133503124028987,0.12306751237787028
207,vegetation,68,68.png,143,115,0.1684074259985166,0.09388540655655855,0.09469083505927997,0.08536900129085329,0.10228001988633796,0.10029270068137963,0.10274589713242634,0.11298468365457538,0.13934402974007226
208,vegetation,69,69.png,93,85,0.19400501020144975,0.10730737375919373,0.07296508984157705,0.06428362040500023,0.07801357249177375,0.0849355017642841,0.11185222602473051,0.14121737479794327,0.1454202307140476
209,vegetation,70,70.png,131,103,0.18323703579941283,0.09819181876270866,0.0839811213887,0.07971495247805861,0.1137265773722912,0.09885848980211015,0.09724907332879598,0.10977113659383315,0.1352697944740894
210,dirt,1,1.png,60,54,0.22577630188069175,0.04639315340170273,0.14546524762972915,0.044953957441621756,0.21016458531067425,0.05266244527719773,0.16999864527981093,0.06978853333456424,0.03479713044400747
211,dirt,2,2.png,73,69,0.22688898900496784,0.07725985551251138,0.17320189144637557,0.04096317005227836,0.22170670997228217,0.04129793830137673,0.1379296867931056,0.061061044450948766,0.01969071446615356
212,dirt,3,3.png,68,58,0.22901953591359872,0.056430128763423494,0.14935977366049474,0.0660365540632483,0.1915780100282674,0.07444251867066269,0.14598737769739706,0.06372246895859535,0.023423632244312216
213,dirt,4,4.png,74,65,0.2006606565273825,0.06508277955471528,0.1454611462281057,0.06097512339386672,0.21526232810093085,0.06589887543964541,0.15219414958643782,0.06655468557033921,0.027910255598576555
214,dirt,5,5.png,68,74,0.21230911954419734,0.07108642328431683,0.15967476530329888,0.0593032862347092,0.18809642325180306,0.04668406654568008,0.1519975578984998,0.07541881410905694,0.03542954382843789
215,dirt,6,6.png,61,69,0.2375261620686949,0.10180626187641532,0.11887823173832288,0.05014410126008478,0.13386366788493118,0.06209693731909865,0.13838080600995425,0.10299756530902833,0.054306266533469726
216,dirt,7,7.png,67,79,0.2428582005262205,0.10394078461378842,0.1356251216541398,0.056570519697686776,0.16040738835601698,0.056603253438584133,0.12609216651033026,0.07892070293726738,0.03898186226596572
217,dirt,8,8.png,59,74,0.21015188909500265,0.08073336998108313,0.13423692989132976,0.07593435423128177,0.1681592793940721,0.0747162489308218,0.15220359823402602,0.0739719083149771,0.029892421927405696
218,dirt,9,9.png,65,68,0.19935660550766823,0.043741333350290665,0.1599333610938651,0.0632771606367104,0.24251749667497668,0.048605870300293216,0.169000963265728,0.0442675805844515,0.029299628586016188
219,dirt,10,10.png,87,84,0.1646153720787466,0.06795001767040375,0.1279708318027069,0.06256998695496394,0.20186190687829209,0.08867884406209146,0.16836335107984077,0.08521386919044062,0.03277582028251388
220,dirt,11,11.png,82,72,0.21709018321368423,0.07038569431507061,0.13441642299060022,0.052671427923467684,0.17414096918816085,0.0612640078051207,0.1616078414787709,0.08248950078250666,0.04593395230261813
221,dirt,12,12.png,84,82,0.16350881331963335,0.06065061267699669,0.1331630056562393,0.056106642077202236,0.21113177027955427,0.10289063034783122,0.16271928805195288,0.07607293904669721,0.033756298543892845
222,dirt,13,13.png,86,58,0.19893715320544508,0.0711717640742995,0.12205089454990997,0.05027402009753562,0.18340605499163065,0.07037655995011396,0.17136533242184995,0.0936874743964029,0.03873074631281236
223,dirt,14,14.png,67,53,0.2529324663976575,0.03696307592429616,0.17735342682412458,0.021619519724449525,0.2262495341722214,0.028086638073917234,0.19633618359912375,0.03802846375673032,0.022430691527479504
224,dirt,15,15.png,66,56,0.21581287245885727,0.045377863606411245,0.14066504204143807,0.050547468984062476,0.21562663140084173,0.05787212101976377,0.17239315941929176,0.06931384628491555,0.03239099478441813
225,dirt,16,16.png,92,79,0.19987187279488708,0.0824956094644385,0.14233606205929958,0.07346095296694209,0.17782435508311625,0.06927700471464106,0.13637156296882455,0.08329401666557876,0.03506856328227212
226,dirt,17,17.png,61,110,0.20670077582005228,0.07116187179972402,0.1544943172508886,0.0708852426680494,0.1755475859966065,0.07175541876671135,0.14619387702917305,0.07725449681258932,0.026006413856205477
227,dirt,18,18.png,70,77,0.2014564713192633,0.08176317205919935,0.14038236358676515,0.07350819595260476,0.17681640607216945,0.07194078528115071,0.14270866332378646,0.0810430732314878,0.030380869173573008
228,dirt,19,19.png,99,81,0.19859763491420113,0.06818858168114104,0.1392677553089116,0.05837484494493024,0.17714922930184399,0.07670146904125102,0.16948493759544503,0.08120843949078932,0.031027107721486633
229,dirt,20,20.png,85,68,0.20162176647829003,0.07489266630802721,0.12662288585426787,0.06919298473366736,0.16730336799244377,0.07563856673455835,0.1569920315139009,0.09122458512828703,0.03651114525655749
230,dirt,21,21.png,91,79,0.21079798220406196,0.0813026692810084,0.13087232857803383,0.06213552355823074,0.15832457837321984,0.07470853095944469,0.1518776213035714,0.08863637003763242,0.04134439570479671
231,dirt,22,22.png,82,79,0.18616106222000106,0.07259967920347037,0.11311975919870904,0.07734325547298287,0.15438141651679113,0.09751025093956821,0.14931005883260876,0.10005822255774573,0.049516295058122835
232,dirt,23,23.png,75,78,0.23188716200673473,0.07477302775694397,0.153976226679188,0.047081993488077546,0.17699377627577237,0.05127902732220921,0.1592889956656183,0.07788036693946426,0.026839423865991627
233,dirt,24,24.png,91,81,0.2106079705019861,0.07291738572589737,0.13483207301796024,0.05833238012770429,0.1814777345276988,0.07277643411705116,0.15523190962953437,0.08159001589604273,0.03223409645612495
234,dirt,25,25.png,92,68,0.22889875977391677,0.052327497399873954,0.15474009288688723,0.06480391833228623,0.21258459978372815,0.05130658116767442,0.16285267057690858,0.058582292831757116,0.013903587246967575
235,dirt,26,26.png,68,91,0.20458660627726288,0.05552966380462084,0.12344429066853843,0.04032602210334367,0.2059780450939535,0.06934414101064207,0.17364502803591936,0.09349360384625062,0.03365259915946863
236,dirt,27,27.png,65,69,0.21325799120025993,0.06568978899740453,0.1382083963852798,0.05286171317410186,0.2036736117670951,0.06438656978285626,0.15116529022936606,0.08055280172313056,0.030203836740505915
237,dirt,28,28.png,71,72,0.1887291832100689,0.08738834712835271,0.12364475612048098,0.08773417017374964,0.1558313932875744,0.07031021839871573,0.14781582579467872,0.09207644969345542,0.04646965619292351
238,dirt,29,29.png,71,70,0.19366564300512382,0.07896643923999885,0.10605927530044074,0.06976292968703515,0.16091791904920835,0.08310975883789275,0.14780473466222666,0.10616470744269026,0.05354859277538342
239,dirt,30,30.png,66,73,0.2555735597673812,0.10608435126488656,0.17859889622989675,0.055275442555818406,0.1719888293484151,0.037256246675972986,0.12250735858941948,0.04628584947978232,0.02642946608842715
240,dirt,31,31.png,84,68,0.22234528814863067,0.0800350302567053,0.1709253436724986,0.0611608385885215,0.19931789201552938,0.0451749760370768,0.1426816127936139,0.04911906390678045,0.0292399545806434
241,dirt,32,32.png,61,87,0.15766738317755336,0.04970914680156308,0.09726106260173446,0.04408679249592993,0.22209440339030548,0.13610515802787443,0.1884027431492311,0.07507452230280193,0.029598788053006208
242,dirt,33,33.png,63,78,0.14872704400224318,0.04455760745029857,0.1006829367223672,0.051495088269699486,0.2510450709298713,0.1588763337002605,0.1529677282662923,0.07110255475186353,0.02054563590710399
243,dirt,34,34.png,93,61,0.23147087811030925,0.0816991205333586,0.1346710502245034,0.06366373198317146,0.16168351199303135,0.07228734661863545,0.15183794623883262,0.0712371759795254,0.03144923831863247
244,dirt,35,35.png,101,76,0.1925776875591562,0.07160255385029417,0.1411347509318781,0.05838881412678941,0.19223138139291976,0.06361682712464291,0.15213434449462562,0.0881943329618546,0.04011930755783927
245,dirt,36,36.png,92,74,0.19845622667568252,0.09673369738154339,0.14571924575676956,0.08049926639411574,0.16194322191254648,0.054686283614705324,0.12068293375739124,0.07988618104841978,0.06139294345882596
246,dirt,37,37.png,97,70,0.17683650238190907,0.06925687934474806,0.13683021808553508,0.07623897392107204,0.19677073347578578,0.07415492929307742,0.15055860616892194,0.08323635597359755,0.03611680135535305
247,dirt,38,38.png,92,42,0.24676217953221172,0.045615382222009546,0.17169911821640543,0.054405787769435165,0.2584426145351083,0.03593539738016325,0.14198225634632217,0.025549761262143846,0.019607502736200585
248,dirt,39,39.png,68,79,0.2205397783774447,0.05551274834868061,0.17377374248732805,0.04606740766832274,0.23187572001859622,0.03930180033758029,0.15807140599379554,0.053911518572602964,0.020945878195648887
249,dirt,40,40.png,69,60,0.24145972043508762,0.059682758274200186,0.16733510154402995,0.05558460681081434,0.2239696687948858,0.03446527907421809,0.14551086332202826,0.053439773451121636,0.018552228293614123
250,dirt,41,41.png,64,70,0.25213616311476295,0.07347410157127504,0.16874088735671097,0.03755013511534321,0.20054701879794382,0.0385430655626588,0.14137461504501947,0.05453856538945936,0.033095448046826396
251,dirt,42,42.png,127,124,0.14890373087025696,0.10462944255907251,0.112729347910032,0.10996922009018258,0.17358077255952606,0.09228984953635427,0.10106502801542336,0.08263402879899445,0.07419857966015778
252,dirt,43,43.png,138,139,0.17274556965587548,0.0982501192686068,0.11275998661595484,0.08818182396733526,0.16902618390790605,0.09830324481544685,0.10179585837625447,0.08267201577738718,0.07626519761523307
253,dirt,44,44.png,138,142,0.17109224118571284,0.09899392337691906,0.11245826746013413,0.09217533066963632,0.1583612691857134,0.08376084704289276,0.10155258069731658,0.09767026030815558,0.08393528007351936
254,dirt,45,45.png,141,133,0.15158237764850244,0.09894605379223675,0.12064071856633822,0.1054544134892222,0.16468146522390198,0.09583920676508342,0.09739958970337165,0.08820201076567738,0.07725416404566599
255,dirt,46,46.png,125,125,0.1525899909331976,0.10218803021693093,0.12676106660901876,0.11438978519906183,0.17396660271070322,0.0806659813430096,0.09420013983696039,0.08105888317178847,0.0741795199793292
256,dirt,47,47.png,149,138,0.1564848445302346,0.10600629986157095,0.12402007582444025,0.11369078107981505,0.15302030281965578,0.0903079772379421,0.09514252721556869,0.0876276922754709,0.07369949915530169
257,dirt,48,48.png,161,147,0.14910234523748875,0.10913910491407333,0.13046486669130614,0.11024377943668906,0.15625210321239386,0.08755464590823502,0.09631614678696596,0.08470581546579967,0.07622119234704822
258,dirt,49,49.png,130,144,0.26916370602051226,0.06924563831269505,0.09332386730383666,0.05440045423301431,0.18618881951466185,0.06189221463473551,0.1118499788192868,0.08765159760907601,0.06628372355218154
259,dirt,50,50.png,175,156,0.27425284797159594,0.0741289467325486,0.08966465240120991,0.057003117730625975,0.18626649481481167,0.06108892136184444,0.10745040898465948,0.08991621923557887,0.060228390767125106
260,dirt,51,51.png,158,136,0.23166890723845948,0.07092557335755555,0.08775287206948819,0.059796151874980864,0.2551235217097925,0.0645365144950783,0.09631643336860078,0.08238660238909316,0.051493423496951136
261,dirt,52,52.png,163,140,0.2153898771985679,0.08509754401808722,0.1008486786809214,0.06633542562027521,0.21126840002915262,0.07388699786121705,0.09956199163383028,0.08445218424574696,0.06315890071220133
262,dirt,53,53.png,171,189,0.21289825388911995,0.09280506608126235,0.10426729984834447,0.07531346430708998,0.22656433132881276,0.06326049403757103,0.0912354116851329,0.07550974985415086,0.058145928968515684
263,dirt,54,54.png,138,128,0.3287198268377462,0.06436130119327312,0.09054012667589333,0.06206278605154862,0.25151690277795596,0.04944858712060812,0.06320807568275917,0.04969206609440972,0.04045032756580577
264,dirt,55,55.png,135,160,0.2238943440510982,0.06527104770446276,0.07512291932989404,0.06615234855509416,0.39574587502759373,0.041717735743966415,0.052150692560995485,0.040275624752590965,0.03966941227430422
265,dirt,56,56.png,140,123,0.36907349339972306,0.06023155840263074,0.07508682489362609,0.05480134149278069,0.2554602924108183,0.04297811104738074,0.058739298002384685,0.042377898753047955,0.04125118159760771
266,dirt,57,57.png,167,67,0.28657433107439256,0.08744867883007534,0.11111725141256841,0.06906424464474285,0.22467275650653637,0.04856126253177189,0.06866946591589716,0.061921134351166446,0.04197087473284896
267,dirt,58,58.png,146,118,0.30826455834534566,0.044001949161719865,0.06087497311913996,0.04624193416333552,0.3064542357358675,0.05831271593995541,0.07287838960854161,0.059001147333671455,0.043970096592423014
268,dirt,59,59.png,135,143,0.27888205527925114,0.06034837460014245,0.07747266316757785,0.0718984242530134,0.32422362434367485,0.04950757511411046,0.06191509413607952,0.043216279680289786,0.032535909425860536
269,dirt,60,60.png,119,147,0.19961693677807657,0.05696383859836892,0.07304655321848195,0.05233924111114455,0.36112864117171767,0.07065553740362017,0.08144604432526185,0.06161289167501161,0.0431903157183167
270,dirt,61,61.png,137,112,0.1810654552928775,0.07724393549710741,0.09172452165358584,0.08734704633014839,0.19965936025037337,0.08336074337521758,0.11614651146779496,0.09310982753121735,0.0703425986016776
271,dirt,62,62.png,146,146,0.19148996447868924,0.08333308166581155,0.09270043674786925,0.08141993297081826,0.18093109973012947,0.08330930535335705,0.10694481868336185,0.09262542549920981,0.08724593487075351
272,dirt,63,63.png,139,113,0.2096040504419166,0.07516146955871944,0.0882217083189406,0.07099415653484857,0.17740825477790084,0.07800730544455954,0.11253716658582097,0.10159359998351852,0.08647228835377489
273,dirt,64,64.png,144,135,0.18923346864383125,0.09257878743970827,0.08530532600211373,0.07707748624571212,0.12890638417625885,0.09652511601195356,0.10689446872743091,0.10939369134581978,0.11408527140717153
274,dirt,65,65.png,152,113,0.20019864304644133,0.10063694673578541,0.10148386206922581,0.08306329311540414,0.14693896664040276,0.07749935793654927,0.09632080718599258,0.09836540211416715,0.09549272115603155
275,dirt,66,66.png,121,119,0.17382909169717445,0.10002333787713373,0.11532118455078606,0.11066778717472527,0.16885740658923296,0.08889215227967366,0.08312162978050974,0.07857496270053044,0.0807124473502337
276,dirt,67,67.png,162,121,0.18595915227858267,0.09792456808540648,0.10697490291057746,0.09078309299323581,0.14889834360627174,0.08373584308611406,0.09842839345835819,0.09566238513468575,0.09163331844676784
277,dirt,69,69.png,134,147,0.18924453497871666,0.04941868024075435,0.06315686550816883,0.05726032002499682,0.45343297800772325,0.05269642665572693,0.054499614016828304,0.04945943124036349,0.030831149326721367
278,dirt,70,70.png,152,147,0.27015480164936345,0.08984502005594062,0.10861901691805476,0.06019842322903265,0.18755847241269558,0.05487417690012537,0.08879790078145766,0.07733033808356732,0.06262184996976261
279,dirt,68,68.png,174,135,0.15588402845183738,0.1079740685269673,0.12466553160753469,0.11174857632539248,0.15426977453064214,0.08717744214579085,0.09082985279842466,0.08774577370750984,0.07970495190590064
